Num, Weight,-,-,-,-,-,-,LearnRate,TrainError
0,0.217867924528302,-0.172039834339623,-0.232615015584906,0.341194671698113,0.0301342660377358,-0.0868657091509433,0.0705361452830189,1,0.0029479300437621
1,-0.0554564528301888,-0.188964046037736,-0.031482563245283,0.134087079245283,-0.00565181132075473,0.231908200943396,-0.113169822641509,0.952380952380952,0.0403754561199076
2,0.311447159029649,-0.0745558020125786,-0.442820187216532,0.504262813297395,-0.00732559209344116,-0.14398629294699,0.0872686733153638,0.952380952380952,0.0202833727169702
3,-0.0707491392632525,-0.291404021599281,0.0104588419658583,0.223622590476191,-0.130428127583109,0.261734523495058,-0.119498419227314,0.90702947845805,0.0582440796187801
4,0.26585781748171,-0.119214935388696,-0.427545843337697,0.564317573576349,-0.0636666147263937,-0.121414042542678,0.100831368134172,0.90702947845805,0.0120484615175044
5,-0.0646084812390366,-0.281379885031447,-0.0320854749810461,0.292220942420742,-0.149792111667308,0.21906229228811,-0.0658961328284775,0.863837598531476,0.0515849260052618
6,0.15268895393749,-0.203628099312068,-0.321190873746003,0.51802651947037,-0.051671405031854,-0.0184982072708032,0.0976030565088327,0.863837598531476,0.00482842820151436
7,-0.112117984471297,-0.233973821298976,-0.0902994711874951,0.318318701943838,-0.0996216952527642,0.257974539019687,-0.063879137231197,0.822702474791882,0.047043046953489
8,0.159300968711596,-0.159924501566234,-0.40179560590813,0.55035348440743,-0.0506214101203853,-3.8501939933655E-05,0.104639880147714,0.822702474791882,0.000738104128776601
9,-0.0653355825817202,-0.282259198781163,-0.0712187508144615,0.320794806657176,-0.167189349191506,0.264658031892299,-0.0600794470446502,0.783526166468459,0.0532178962851391
10,0.101961948770795,-0.173418650888109,-0.331005942782941,0.494978344418539,-0.0936439745513566,0.039764636508313,0.116177716369891,0.783526166468459,0.00669251378540573
11,-0.1382257504662,-0.200943115275328,-0.12158063433985,0.313837466843453,-0.137136301282341,0.290533567384041,-0.0302913935983901,0.746215396636627,0.0449824174153147
12,0.0825263618668099,-0.170270948220653,-0.371325572112551,0.493258702019027,-0.0578165880735003,0.10677545525023,0.0972732794606335,0.746215396636627,0.0083697026468486
13,-0.120145176678267,-0.263797435669529,-0.0907724284450537,0.355145180348614,-0.131089109687448,0.29344688873733,-0.0279682561142309,0.710681330130121,0.0505800188289139
14,0.0922473829182904,-0.170757814558804,-0.331684970759044,0.559895738011405,-0.102581427469295,0.0703281262489071,0.0805879644042964,0.710681330130121,0.0123942662836222
15,-0.0996798339144084,-0.210889737448698,-0.140147953188835,0.365147084116293,-0.156046575275487,0.285885865186589,-0.0175445053180687,0.676839362028687,0.0446820682138816
16,0.0356025268617413,-0.199528761696596,-0.266830462324074,0.467218337050414,-0.0789800606891495,0.166896525010368,0.0519659483101152,0.676839362028687,0.0228145723288691
17,0.0160024082872506,-0.201008016087662,-0.241871916679201,0.412770129939888,-0.0675483958340776,0.219468620696086,0.0294525305025308,0.644608916217797,0.0273654864465743
18,0.0230898225089033,-0.188660437673787,-0.260744820629206,0.388532416302425,-0.0439478756778093,0.244654649341963,0.0270728253340431,0.644608916217797,0.0256500407368637
19,0.0301772367305561,-0.176312859259911,-0.27961772457921,0.364294702664962,-0.0203473555215411,0.269840677987841,0.0246931201655554,0.644608916217797,0.023934595027153
20,0.011510457135803,-0.177721672965688,-0.255847681107903,0.312439267321605,-0.0094600556595678,0.319909340545668,0.00325176987261785,0.613913253540759,0.0282687989487769
21,0.0570383103514614,-0.15292959959859,-0.328049425492297,0.379713846167012,0.0161642677038687,0.268349653336812,0.0413063724950614,0.613913253540759,0.017182595695915
22,-0.00802437842455334,-0.184324349853964,-0.224186627098076,0.330714714283686,-0.00597443922161253,0.320763542574127,0.00479201335944554,0.584679289086437,0.0306500750760155
23,0.0354727159385005,-0.144377265085944,-0.314434357210801,0.404699475527775,0.0230069007562536,0.235654196993209,0.0860859066579959,0.584679289086437,0.0129540264751432
24,-0.00782278541835021,-0.21539196166628,-0.236008096581518,0.383592747349405,-0.00375876727007081,0.331966841345952,0.0198030848718093,0.556837418177559,0.0325319741867901
25,-0.0076464465650164,-0.150262757137241,-0.277271377482099,0.404802197112388,-0.00533612902963549,0.29829163867054,0.045152506319549,0.556837418177559,0.0233396474623652
26,-0.00259488054550787,-0.178711194407777,-0.25847193084452,0.381774822369458,0.015050887626249,0.348236753108317,0.00676102167402949,0.530321350645294,0.0300087611138763
27,0.00119633675993923,-0.168552811088995,-0.277059370248347,0.397659423716216,-0.00851022833961382,0.308894565880224,0.0695695577934434,0.530321350645294,0.0232532034071128
28,0.00600735201661402,-0.195646560870458,-0.259155135355415,0.375728590627711,0.0109059779993238,0.35646134153525,0.0330062390834248,0.505067952995518,0.0296047402180757
29,0.00616729655478528,-0.136572452454095,-0.296582147510136,0.394966186784612,0.00947526438520615,0.325916940015601,0.0559989115983815,0.505067952995518,0.0212670289034047
30,-0.00942986890459765,-0.176955772625738,-0.246118630111217,0.366656838319859,0.0111839769302365,0.379447731862534,0.0156146853538906,0.48101709809097,0.031591200569784
31,0.00794922439466326,-0.134006983166101,-0.301192682521171,0.40056481902929,0.0217745040591019,0.333266906974812,0.0625956044501088,0.48101709809097,0.0203780888118027
32,-0.00690521889998716,-0.172467288091475,-0.253132189760295,0.373603534777144,0.0234018493400832,0.3842486134957,0.0241344365982127,0.4581115219914,0.0302106332559736
33,-0.0075089580242901,-0.1539670612304,-0.287689832196983,0.4117699431738,0.0177728697050774,0.320814423050004,0.11067297976412,0.4581115219914,0.0189393861776237
34,-0.00335302215846585,-0.177371660976832,-0.272223480923529,0.392825264984832,0.0345453187614969,0.361904392301727,0.0790882103353167,0.436296687610857,0.0244260824833901
35,0.016104361274695,-0.147677779453819,-0.304557161939181,0.400300143504565,0.0301283836315335,0.348063622702963,0.0909563668261293,0.436296687610857,0.0194321665567028
36,-0.0139615020296071,-0.161225855344853,-0.259606235553004,0.358790214791425,0.0229996258596923,0.389060670953515,0.0716393367445676,0.415520654867483,0.0260587089799179
37,0.0441645377380011,-0.173587024231061,-0.286347352877291,0.407752076660136,0.0127339301447846,0.363230144886575,0.0634872581847559,0.415520654867483,0.0250305045349816
38,0.0137325105766187,-0.154174630081604,-0.271022284520887,0.383033486727226,0.0227815339639759,0.383557581805355,0.0572790950085871,0.39573395701665,0.0257210257012551
39,0.0313809309241569,-0.127241404210391,-0.300349886349144,0.389813421892517,0.0187752435966621,0.37100359577473,0.0680438628007074,0.39573395701665,0.0211913967428086
40,-0.0107090490103535,-0.158882792253747,-0.244120702671812,0.357236091830101,-0.00126612697553891,0.391385367251408,0.0866266759808643,0.376889482873,0.0266903938457099
41,0.0204321485131376,-0.151663418884783,-0.273225398681743,0.378426138381523,0.00235151499259185,0.383959899442081,0.083430281254404,0.376889482873,0.0243562608658671
42,0.038909190966598,-0.162875363452772,-0.285433641395915,0.378987814644512,0.0235834069432966,0.403216358128358,0.0685903623997776,0.358942364640953,0.0253330746493819
43,0.0255812681626276,-0.138446133637613,-0.298012031413953,0.397261337454471,0.0102533582523778,0.366267516725998,0.117678153286764,0.358942364640953,0.018943698505425
44,0.0144966538676937,-0.167145805332266,-0.262148551745844,0.377142412032423,0.01146770835669,0.404310851078694,0.0889778376630539,0.341849871086622,0.0262808945577792
45,0.0146049106268695,-0.127162123479322,-0.287480626775286,0.390163174342226,0.0104993450668649,0.383637197840587,0.104540183459412,0.341849871086622,0.0206376033507779
46,0.017706133957382,-0.144626996162227,-0.275939397325244,0.376026363793291,0.0230152047920686,0.414299165543549,0.0809711422124207,0.325571305796783,0.0247318606108101
47,0.0508678688804893,-0.138390630008279,-0.295877922366036,0.401662374240103,0.00855072343241463,0.390146475380941,0.086201142397303,0.325571305796783,0.0222160103976809
48,0.0163637358921788,-0.155039936366881,-0.240797262839813,0.37567708843929,-0.00318990552584693,0.417942679913846,0.0668367981425559,0.31006791028265,0.0293581022523234
49,0.0275664543886633,-0.127354763740438,-0.276298488075516,0.397534475135531,0.00363684268886618,0.388174108432928,0.0971211174840851,0.31006791028265,0.0221300304345821
50,0.0303793553687199,-0.14319591810135,-0.26583025274668,0.38471197123627,0.0149890964078718,0.415985417007042,0.0757433022940705,0.295302771697762,0.0258436424618223
51,0.0304728716275912,-0.108656510389056,-0.287713051605932,0.395959795281019,0.0141525877890832,0.398126738040964,0.0891866417143127,0.295302771697762,0.0209687553377524
52,0.0102951006815027,-0.146709221204064,-0.246673551865816,0.383193753940317,0.00502148119683807,0.416885859065926,0.0925161286479261,0.281240734950249,0.0266234162461177
53,0.0335331417432343,-0.141322013642075,-0.268391924142855,0.399006092932435,0.00772102133297607,0.411344860659376,0.0901309296893134,0.281240734950249,0.0248816502787616
54,0.0366253570918674,-0.135934806080086,-0.27662610962184,0.38843125875715,0.0180178501030492,0.422333441531644,0.0890926722068117,0.281240734950249,0.0241332069978387
55,0.0397175724405006,-0.130547598518096,-0.284860295100825,0.377856424581864,0.0283146788731223,0.433322022403913,0.0880544147243101,0.281240734950249,0.0233847637169156
56,0.0349535029704543,-0.130809477261181,-0.272491884614786,0.413811787492589,0.00267573394562404,0.390013863698085,0.119107815832643,0.281240734950249,0.0213224361940319
57,0.0375048870793492,-0.145177871239332,-0.262996886584096,0.402181398468317,0.0129725627156972,0.4152395404093,0.0997175072702713,0.267848319000238,0.0246907917742951
58,0.0404498540780475,-0.140047197370771,-0.270838967992653,0.392110127825187,0.022779066306243,0.425704855525746,0.0987286906202697,0.267848319000238,0.0239779886496065
59,0.0405346760815588,-0.108718936407239,-0.290687311629163,0.402312235802284,0.0220203283300175,0.409506507257194,0.110922195763346,0.267848319000238,0.0195563223239196
60,0.0223343625905252,-0.135515155499515,-0.246206405485872,0.391404520342594,0.0176438894526025,0.43559440407255,0.0854334652016167,0.255093637143083,0.0268391454115713
61,0.0337106917037079,-0.118153757960423,-0.265111239115651,0.395774927001519,0.0150613989608746,0.427501992743136,0.0923725305014316,0.255093637143083,0.0239193061977983
62,0.046216681330085,-0.125742443368922,-0.273374258325803,0.396155091605027,0.0294319791634516,0.440535521955288,0.0823282892913089,0.242946321088651,0.0245804522158533
63,0.037195818562278,-0.109207779045977,-0.28188780780096,0.408523331125736,0.0204096775116788,0.415527091712815,0.115552838358655,0.242946321088651,0.0202558709428162
64,0.0206875977087328,-0.133512739673891,-0.24154231470047,0.398629711661165,0.0164401184391936,0.439189583155315,0.0924338083706911,0.231377448655858,0.0268616061697112
65,0.03100626357103,-0.117765440318706,-0.258689556088025,0.402593799333659,0.0140977234353587,0.431849527527728,0.0987277451505685,0.231377448655858,0.0242132259304612
66,0.0423495648194447,-0.124648601686959,-0.266184358092697,0.402938619835707,0.0271322633016417,0.443671322731494,0.089617322284244,0.220359474910341,0.0248129048584023
67,0.043924893916949,-0.120427583597943,-0.273907823086085,0.409538999789621,0.0173421329660977,0.427323831330558,0.115715566343851,0.220359474910341,0.0220058310960929
68,0.0371199022909017,-0.13804669242356,-0.251890757599743,0.397187724826028,0.0180876385895736,0.450679138498561,0.098096062201652,0.209866166581277,0.02651023299646
69,0.0371863625501451,-0.11350018020868,-0.267442454200007,0.405181343379219,0.0174931475317076,0.437987308776581,0.10764999254222,0.209866166581277,0.0230457417308919
70,0.0474750711654872,-0.119743410474669,-0.274240460553451,0.405494105739354,0.0293158594285629,0.448710025514691,0.0993865704412458,0.199872539601216,0.0235896681961445
71,0.0335093658923914,-0.125699224552906,-0.254801451787854,0.411606840050125,0.00985239257707425,0.43542214170613,0.117818694234156,0.190354799620206,0.0240842968403775
72,0.042841527901772,-0.13136201844496,-0.260967443945174,0.411890524730519,0.0205759407828387,0.445147961876751,0.11032352679563,0.181290285352577,0.0245776541784751
73,0.0509264726079267,-0.11902359734896,-0.274402756255074,0.414996491148094,0.0187406130051291,0.439396836229203,0.115254990952763,0.181290285352577,0.0225025789622649
74,0.0317132802782606,-0.128294554116131,-0.243731784012974,0.400526911692163,0.0122029914882301,0.454874802996442,0.104472199493248,0.172657414621502,0.026479562950991
75,0.0394132276174556,-0.116543676881846,-0.256527319546213,0.403484974946996,0.0104550602713638,0.449397540474967,0.10916883202385,0.172657414621502,0.0245033008403146
76,0.0478777736577101,-0.121679997872371,-0.262120056196843,0.403742285314701,0.0201816346076581,0.458219146071903,0.102370494211128,0.164435632972859,0.0249507904893827
77,0.0417720986569993,-0.11048868622067,-0.267882361592207,0.412113596661315,0.0140749857136418,0.441292456101248,0.124858176805561,0.164435632972859,0.0220237436594991
78,0.0432638401039744,-0.11888958859713,-0.262330832893746,0.405313549074805,0.020095328238773,0.456041386827486,0.113521064980147,0.156605364736056,0.0239931514055576
79,0.0502479193231988,-0.108231196547891,-0.273936760815051,0.407996599646082,0.0185099030987582,0.451073348259255,0.117781049134888,0.156605364736056,0.0222006234140144
80,0.0337420507292936,-0.131556984176201,-0.241812690686681,0.403626800559288,0.010578852218184,0.45967658285814,0.117165866917941,0.149147966415292,0.0262563323158167
81,0.0403935547476026,-0.121406134605498,-0.252865955373638,0.406182086817647,0.00906892351340806,0.454945117555063,0.121222994684361,0.149147966415292,0.0245491628000612
82,0.0527171840698109,-0.118549183415017,-0.264383671893414,0.414567707788808,0.0105005472845259,0.452006607796178,0.119958072751072,0.149147966415292,0.023625467119745
83,0.0543570518899841,-0.115692232224536,-0.268750436258093,0.408959647446121,0.0159611754252345,0.457834086846035,0.119407462640634,0.149147966415292,0.0232285516681244
84,0.0504681903265724,-0.115831112113274,-0.263250584245263,0.405637592055243,0.0184802510900491,0.462380491800662,0.116589347554447,0.142045682300278,0.0238382281131106
85,0.0568029560582953,-0.106163636331652,-0.273777502994746,0.408071198015585,0.0170422237521672,0.45787433436916,0.120453278760562,0.142045682300278,0.0222123523838196
86,0.0418316466760683,-0.127320813318781,-0.244640024420261,0.404107661428924,0.00984852680833579,0.465677721760439,0.119895290355167,0.135281602190741,0.025890999913799
87,0.0418744875517507,-0.111497912683021,-0.254664786711104,0.409260419221155,0.00946531257182363,0.457496455158533,0.126053839037621,0.135281602190741,0.023657757953855
88,0.0485066808615671,-0.115522354578478,-0.25904684221904,0.409462028627155,0.0170863380744108,0.464408413973997,0.120727163472862,0.128839621134039,0.0240083778031238
89,0.0542525001193656,-0.106753669062267,-0.268595067842153,0.411669380972136,0.0157820048881234,0.460321196349051,0.124231862979542,0.128839621134039,0.0225336605883474
90,0.0454978381395627,-0.119643108609844,-0.247198991448651,0.406422583334914,0.0136768629593367,0.472869920770471,0.111971347770716,0.122704401080037,0.0260368230158795
91,0.0455366960766896,-0.105291271298496,-0.256291746360981,0.411096286547822,0.0133292763502554,0.465449270791418,0.117557332970221,0.122704401080037,0.024011206725681
92,0.0585783912249158,-0.114942266980307,-0.258687472062303,0.418838854613871,0.0160324823196949,0.466508314499787,0.111359204221927,0.11686133436194,0.0247855243643893
93,0.0503124538960086,-0.112703770966243,-0.257543586960693,0.418391993628745,0.0171542146443507,0.46275204114755,0.123730497204937,0.11686133436194,0.0237319451739458
94,0.0515973332426639,-0.110465274952178,-0.260965061103221,0.413997931607115,0.0214327596779498,0.467318023467659,0.123299079775887,0.11686133436194,0.0234209515317256
95,0.0528822125893192,-0.108226778938113,-0.264386535245749,0.409603869585486,0.025711304711549,0.471884005787768,0.122867662346836,0.11686133436194,0.0231099578895053
96,0.0560772632088381,-0.114050555201402,-0.259247960744882,0.422095053257334,0.0142057597412615,0.457248630144856,0.133629871772639,0.11686133436194,0.0228445645920714
97,0.0526931574094917,-0.114305959440131,-0.254938682781125,0.412694166586855,0.0161795214399577,0.466325592267186,0.129742763259688,0.111296508916133,0.0236303136577989
98,0.0539168520253539,-0.112174058474355,-0.258197229583533,0.408509345613874,0.0202543262338616,0.470674146857766,0.129331889517735,0.111296508916133,0.0233341292366366
99,0.0694858140672487,-0.115484976781403,-0.265359792907031,0.42162369801053,0.0175046768932557,0.463755483871845,0.127148368979132,0.111296508916133,0.0230587264044719
100,0.0527623712384327,-0.115733720740948,-0.246529757001996,0.415073024048244,0.0143026051439715,0.470057556785604,0.122567832428726,0.105996675158222,0.0249368720743407
101,0.0574894709615304,-0.10851970146609,-0.254385105852003,0.416889018285198,0.0132295270036596,0.466694992730548,0.125451157386273,0.105996675158222,0.023723618572126
102,0.0586548944052087,-0.106489319593922,-0.257488483759058,0.412903474501406,0.0171102934740443,0.470836473293006,0.125059849060604,0.105996675158222,0.0234415381710192
103,0.059820317848887,-0.104458937721755,-0.260591861666113,0.408917930717615,0.020991059944429,0.474977953855463,0.124668540734935,0.105996675158222,0.0231594577699123
104,0.0627183229459563,-0.109741274468502,-0.255931023116573,0.420247802528816,0.0105551914906535,0.461703236719035,0.134430181937477,0.105996675158222,0.0229187382257546
105,0.0596488392277282,-0.109972933641952,-0.252022380972576,0.411720921195048,0.0123454515348224,0.469936308938835,0.130904459930265,0.100949214436402,0.0236314357910404
106,0.0645978839889836,-0.112976034147212,-0.255292338261514,0.411871365237912,0.0180323781030134,0.475094119027852,0.126929612610954,0.0961421089870495,0.023893073720931
107,0.0646283301994975,-0.101730994076873,-0.262416749660609,0.415533333999533,0.0177600348996841,0.469279845597061,0.131306378180271,0.0961421089870495,0.0223059503543357
108,0.0544391640930212,-0.106647580391414,-0.246151278235575,0.407859807079194,0.0142929946268345,0.477488141838305,0.125588033649735,0.0915639133209995,0.0244150298747317
109,0.067247787694829,-0.109371481076456,-0.252043936807671,0.418649017251216,0.0120308513095081,0.471796140677537,0.123791645898867,0.0915639133209995,0.024188455283145
110,0.0642000742018345,-0.103139739990303,-0.254724159353444,0.417125019876369,0.0160507940621491,0.472741013291781,0.125131242708677,0.0915639133209995,0.0234812915551989
111,0.0617779460961011,-0.105863640675346,-0.253828487417691,0.414856027405564,0.016262109925888,0.472430568841089,0.133146850819771,0.0915639133209995,0.023119276762701
112,0.0662668755847682,-0.108587541360389,-0.256794435072057,0.4149924845873,0.0214203199650634,0.477108854636116,0.129541547128786,0.0872037269723805,0.0233565900777946
113,0.0568661723167584,-0.108668741555005,-0.250172044147961,0.415995609790115,0.0205375090862105,0.473556848135435,0.137447433231789,0.0872037269723805,0.0231589264988178
114,0.061141343258346,-0.111262932683617,-0.252996756199738,0.416125569010816,0.0254500900759014,0.478012358416412,0.134013810668945,0.0830511685451243,0.0233849391798593
115,0.0648451495828989,-0.105610559816358,-0.259151627570456,0.417548448013626,0.0246093052743018,0.47537770149285,0.136272971219615,0.0830511685451243,0.0224343233143146
116,0.0560433648024421,-0.109857691931283,-0.245100901795672,0.410919766946494,0.0216143455309914,0.482468336405922,0.131333250212781,0.0790963509953564,0.0242562255023253
117,0.0640998863029281,-0.10834258971722,-0.249944893102266,0.417147941371937,0.0181002529982081,0.476600529186523,0.132603859516991,0.0790963509953564,0.0236450089486355
118,0.0649695432202021,-0.106827487503156,-0.252260681478093,0.414173867236503,0.0209961406891604,0.4796909657471,0.132311859219545,0.0790963509953564,0.0234345162102401
119,0.0620625881588848,-0.099164918392391,-0.252889475043944,0.418398895232925,0.0192121151797786,0.474228167662012,0.134710128783672,0.0790963509953564,0.0226626030628992
120,0.063008290994297,-0.103106679403033,-0.250219094819441,0.419729089310724,0.0221080028707308,0.477590065883973,0.13039322559994,0.0753298580908157,0.0234014204012662
121,0.0638365356774151,-0.101663724913449,-0.252424607558324,0.416896637753167,0.0248659911478282,0.480533338798808,0.130115130078563,0.0753298580908157,0.0232009511266039
122,0.0658960937945241,-0.105417783018822,-0.249112236618415,0.424948566122155,0.0174494142740361,0.47109924516719,0.137052546232638,0.0753298580908157,0.0230298762407736
123,0.0667243384776423,-0.103974828529238,-0.251317749357297,0.422116114564598,0.0202074025511334,0.474042518082025,0.136774450711261,0.0753298580908157,0.0228294069661113
124,0.0675525831607604,-0.102531874039654,-0.25352326209618,0.419283663007042,0.0229653908282308,0.47698579099686,0.136496355189883,0.0753298580908157,0.0226289376914491
125,0.0625787743566439,-0.104776557727688,-0.245762151361501,0.416498697686444,0.0217345579418818,0.48050938808261,0.134243451905703,0.071742721991253,0.0235744865545021
126,0.0657782615174713,-0.0998938255240307,-0.251078960665652,0.417727834067232,0.0210082564179862,0.478233472372806,0.136194999730491,0.071742721991253,0.0227533088280841
127,0.0639076526133615,-0.0999606291250946,-0.248433437810511,0.416129868623414,0.0222199748841469,0.480420370890827,0.134839438189647,0.0683264018964314,0.0230465736224256
128,0.0711697564683585,-0.105334664643397,-0.249767467524697,0.420441220235377,0.0237252211169718,0.481010086055133,0.131388088179915,0.0650727637108871,0.0234777426572133
129,0.0641548069505574,-0.105395257478829,-0.24482573745459,0.421189767706472,0.0230664540468534,0.478359524115371,0.137287582114031,0.0650727637108871,0.0233302430512266
130,0.0648702758486186,-0.104148779137757,-0.246730942282477,0.418742989555035,0.0254489080169192,0.480902033921945,0.137047352746682,0.0650727637108871,0.023157070154423
131,0.0677723050194372,-0.0997199970936226,-0.251553445052682,0.419857852485455,0.0247901311244969,0.478837711282667,0.138817464152385,0.0650727637108871,0.0224122377495086
132,0.0634757419665344,-0.101659039260157,-0.2448491057937,0.417452094730916,0.0237268913997595,0.481881526927414,0.136871321589655,0.0619740606770353,0.0232290384086625
133,0.0697882373728809,-0.100471917030564,-0.248644499732562,0.422332032362581,0.0209735079489324,0.477283946431221,0.137866877226862,0.0619740606770353,0.0227501342454679
134,0.0681723350693631,-0.10052962449288,-0.246359197622517,0.420951649731057,0.0220202359188369,0.479173071595261,0.136695892200758,0.0590229149305098,0.0230034674011456
135,0.0688212864508245,-0.0993990318932679,-0.248087274563911,0.418732349820457,0.024181191900756,0.481479202939092,0.136477997082981,0.0590229149305098,0.0228463944788749
136,0.0672823318760456,-0.0994539913811883,-0.245910796363868,0.417417699695197,0.0251780756816174,0.483278369761987,0.135362773248596,0.0562122999338189,0.023087664150949
137,0.0730079512922329,-0.0983772365244146,-0.249353330548777,0.421843946980153,0.0226806757262187,0.479108228722356,0.136265771558988,0.0562122999338189,0.0226532839575752
138,0.0692964185826744,-0.100052254053005,-0.243561870223558,0.419765762978824,0.0217622092757383,0.481737591119287,0.134584620441199,0.0535355237464942,0.0233588670774576
139,0.069885036615746,-0.09902677323703,-0.245129286950445,0.417752792538371,0.0237222600529892,0.483829320229338,0.134386983146163,0.0535355237464942,0.0232163973066904
140,0.0702677570244885,-0.098001292421055,-0.247005674356646,0.419356330565961,0.0213437839049903,0.479857757334452,0.140727455527319,0.0535355237464942,0.0225344290631129
141,0.0688718798591562,-0.0980511422967197,-0.245031544469985,0.418163904148491,0.0222479868808284,0.481489654679481,0.139715914634452,0.0509862130918992,0.022753267767942
142,0.0713714837660067,-0.0995679121215511,-0.246683095104292,0.418239888613261,0.0251202712414604,0.484094699263081,0.137708346635418,0.0485582981827611,0.0228854127016179
143,0.0701053820287438,-0.0996131274282764,-0.244892501102786,0.417158322701724,0.025940409995055,0.48557487826084,0.136790849226922,0.0462459982692963,0.0230839058579256
144,0.0731015817256711,-0.0996561896251577,-0.244665361374532,0.421508624075402,0.0229737118420162,0.48174687293968,0.136830667642228,0.0462459982692963,0.0230386520437246
145,0.0736100521138119,-0.0987703407397458,-0.246019354875784,0.419769744524206,0.0246668773984363,0.483553787190885,0.136659941115904,0.0462459982692963,0.0229155812990818
146,0.0706724312630698,-0.101075006765197,-0.242507658562904,0.419332565919918,0.0238615252399832,0.48299977168003,0.140005287367203,0.0440438078755203,0.023044851074769
147,0.0711566887755849,-0.100231341160042,-0.243797176183144,0.417676490156874,0.0254740638651452,0.484720642395463,0.139842690675466,0.0440438078755203,0.0229276408417758
148,0.0714882472372109,-0.0981184443679584,-0.244147596717955,0.419106136869833,0.024159529134333,0.482945122846201,0.140371171245844,0.0440438078755203,0.0227207583290516
149,0.0703398556387865,-0.0981594559840358,-0.242523475174639,0.418125124705173,0.0249034191602691,0.484287688830563,0.13953897404993,0.0419464836909717,0.0229007974730949
150,0.0722105295174202,-0.0953046235904018,-0.245632103458798,0.418843775290482,0.0244787657016155,0.482957008051334,0.140680003644745,0.0419464836909717,0.0224206718637991
151,0.0711168232332065,-0.0953436822723803,-0.244085321036592,0.417909477990806,0.0251872323929832,0.484235642322154,0.139887434886731,0.0399490320866397,0.0225921377152688
152,0.0723626948530095,-0.0973345394372228,-0.242098141327889,0.419480893217826,0.024491538918453,0.483757062893708,0.138687656686276,0.0380466972253712,0.0229039951176269
153,0.0727810146996914,-0.0966057493669028,-0.243212075132222,0.418050312707692,0.0258845104119522,0.485243615719911,0.138547199550557,0.0380466972253712,0.0228027445114347
154,0.0717889908591348,-0.096641176742847,-0.24180909787852,0.417202877515242,0.0265271105855284,0.486403374695712,0.137828316323334,0.0362349497384487,0.0229582690932667
155,0.074122857992013,-0.0977191167394594,-0.242612848971714,0.420520616240296,0.0236742496522359,0.482176646592391,0.141716214101925,0.0362349497384487,0.0226314313500101
156,0.073178073381959,-0.0977528570975015,-0.241276680158665,0.41971353510463,0.0242862498175466,0.483281178950297,0.141031563409332,0.0345094759413797,0.0227795499993739
157,0.0735575018143236,-0.0970918230201138,-0.242287050956245,0.418415956410631,0.0255497160248021,0.484629526184948,0.140904164646774,0.0345094759413797,0.0226877127148459
158,0.0726577069476055,-0.0971239566944396,-0.241014509229532,0.417647307709996,0.026132573325098,0.485681461763906,0.140252116368114,0.0328661675632188,0.0228287780951923
159,0.0741234288804441,-0.0948871208131456,-0.243450200831995,0.418210389248134,0.0257998462285615,0.484638838554163,0.141146142912366,0.0328661675632188,0.0224525871171174
160,0.0732664813883317,-0.0949177243125035,-0.242238256330363,0.417478342866577,0.0263549484193195,0.485640681962695,0.140525144551737,0.0313011119649703,0.0225869350983998
161,0.0742426544025078,-0.0964776129948588,-0.240681249031119,0.418709587815334,0.0258098543781837,0.485265702457773,0.139585086937722,0.0298105828237812,0.0228312835333542
162,0.0745704189483361,-0.0959065869049007,-0.241554045314528,0.417588690552404,0.0269012839924849,0.486430455494941,0.139475035096619,0.0298105828237812,0.0227519510340319
163,0.0765017959877445,-0.0959343451809623,-0.241407629020468,0.420392933606111,0.0249889239113092,0.483962889133592,0.139500702402155,0.0298105828237812,0.022722780021905
164,0.0757245193509078,-0.0959621034570239,-0.240308359631232,0.41972894595844,0.0254924179618834,0.484871590637929,0.13893743858299,0.028391031260744,0.0228446376012994
165,0.0749842558872539,-0.0959885399104159,-0.239261436403389,0.419096576770183,0.0259719361052873,0.485737020642059,0.138400996850452,0.0270390773911848,0.0229606924388179
166,0.0761901089487569,-0.094148289495172,-0.241265285912565,0.419559825345118,0.0256982006995364,0.484879251947129,0.139136514700939,0.0270390773911848,0.0226511991901614
167,0.0744725428781395,-0.0954957799885143,-0.239212069808863,0.419304216069559,0.0252273279720678,0.484555330552099,0.141092469368896,0.0257515022773188,0.0227267805507105
168,0.0747556782162916,-0.0950025061822661,-0.239966024054329,0.418335942869749,0.026170145909052,0.485561488018608,0.140997402450763,0.0257515022773188,0.0226582501550104
169,0.074084237432932,-0.0950264848247985,-0.239016433824993,0.417762365374731,0.0266050830005748,0.486346458543896,0.140510833985876,0.0245252402641132,0.0227635153137574
170,0.0765823062187349,-0.0945567002474193,-0.240518400086856,0.419693522403704,0.0255154756723948,0.484527039821436,0.140904809157618,0.0245252402641132,0.0225739966742246
171,0.0759428388060115,-0.0945795370498311,-0.23961402843987,0.419147258122734,0.0259297014738452,0.485274630797901,0.140441410619631,0.0233573716801078,0.0226742492063645
172,0.0753338222224654,-0.0946012863854614,-0.238752722109406,0.418627006426572,0.0263242022371312,0.485986622204058,0.14000007867869,0.0222451158858169,0.0227697278084025
173,0.0755784051730341,-0.0941751779252535,-0.239404016134213,0.417790575630926,0.027138643819668,0.486855778853672,0.139917956300431,0.0222451158858169,0.0227105286759545
174,0.076186598393489,-0.0952837616888847,-0.238425863814767,0.4201683323958,0.0249485081123276,0.484069864855799,0.14196659451915,0.0222451158858169,0.022660009788001
175,0.0764311813440577,-0.0948576532286767,-0.239077157839573,0.419331901600154,0.0257629496948644,0.484939021505412,0.141884472140891,0.0222451158858169,0.022600810655553
176,0.0758511655502043,-0.094878366881658,-0.238256866096275,0.418836423794286,0.0261386647075178,0.485617108558895,0.141464156006661,0.021185824653159,0.0226917426574939
177,0.0760841016936031,-0.0944725493005076,-0.2388771461199,0.418039823036528,0.0269143233575528,0.486444876796623,0.141385944217843,0.021185824653159,0.0226353625313529
178,0.0762435869826619,-0.0934562098170136,-0.239045704388666,0.41872750754969,0.0262820096759977,0.485590821535433,0.141640152408204,0.021185824653159,0.0225358485054367
179,0.0756911909885158,-0.0934759371055671,-0.238264474156953,0.418255623925054,0.0266398334975723,0.486236618729226,0.141239851327986,0.0201769758601514,0.0226224504120471
180,0.0751650995655194,-0.0934947249994277,-0.237520445364845,0.41780621094921,0.0269806180895482,0.486851663675696,0.140858612203968,0.0192161674858585,0.0227049284183428
181,0.0771224018248341,-0.0931266364904477,-0.238697275232168,0.419319323012969,0.0261268822367434,0.485426101498886,0.141167302059967,0.0192161674858585,0.0225564356052354
182,0.0766213623743614,-0.0931445297226959,-0.237988676382542,0.418891310655023,0.0264514389910061,0.486011858590762,0.140804217179951,0.0183011118912938,0.0226349860874217
183,0.0761441819453398,-0.0931615708962655,-0.237313820335278,0.41848367983793,0.0267605406617324,0.486569722487786,0.140458422056125,0.0174296303726608,0.0227097960704564
184,0.0769214855804332,-0.0919753290705258,-0.238605519595652,0.418782293999759,0.0265840883785009,0.486016797138982,0.140932543420586,0.0174296303726608,0.0225102939628631
185,0.076467028028984,-0.0919915587596398,-0.237962799550639,0.418394074173957,0.0268784709220498,0.486548096088529,0.140603214731229,0.0165996479739626,0.0225815415657533
186,0.0763630935614073,-0.0936305864586306,-0.236488703086877,0.419259840903593,0.0260199565786127,0.485644377813932,0.141619114972481,0.0158091885466311,0.0226896702968727
187,0.0765369140980446,-0.0933277591313503,-0.236951565590732,0.418665405153182,0.0265987650058032,0.486262071217771,0.141560752131466,0.0158091885466311,0.022647598578682
188,0.0767107346346819,-0.09302493180407,-0.237414428094588,0.41807096940277,0.0271775734329938,0.48687976462161,0.141502389290451,0.0158091885466311,0.0226055268604913
189,0.0768297450129147,-0.0922665236332771,-0.237540208869971,0.418584130174521,0.0267057312283134,0.486242455436132,0.141692083356049,0.0158091885466311,0.0225312679621713
190,0.0764175386170424,-0.0922812444397296,-0.236957242842749,0.418232003348397,0.0269727448732557,0.486724359245245,0.1413933725267,0.0150563700444105,0.0225958916382621
191,0.0774452154156605,-0.0927291507730299,-0.237204322882415,0.418593482816604,0.0270074927310668,0.486673311115492,0.141170091587201,0.0143394000422958,0.0226118127521464
192,0.0770713320633954,-0.092742502978429,-0.236675555510785,0.418274093405153,0.0272496819781801,0.487110412076139,0.140899152059447,0.0136565714688531,0.0226704283313672
193,0.0776803698007821,-0.0918130514682026,-0.237687635680495,0.418508065414624,0.0271114269971351,0.486677180597247,0.141270638554583,0.0136565714688531,0.0225141132098022
194,0.0768128822213608,-0.0924936257333559,-0.236650622025941,0.41837896536105,0.0268736042725511,0.486513578281328,0.142258528574881,0.0130062585417649,0.0225522869328594
195,0.076955884807022,-0.0922444889417678,-0.237031420153351,0.417889921598082,0.0273497913980311,0.487021756173329,0.142210513321142,0.0130062585417649,0.0225176744261852
196,0.0777985382118436,-0.0922565997856673,-0.236967539209241,0.41911340355367,0.0265154350290949,0.485945165143413,0.142221711881527,0.0130062585417649,0.0225049472102199
197,0.0774594149898344,-0.0922687106295668,-0.236487931615925,0.418823707942377,0.0267351078155922,0.486341628599782,0.141975961742974,0.0123869128969189,0.0225581132684701
198,0.0775956079285594,-0.092031437494721,-0.236850596499173,0.418357951977645,0.0271886193636684,0.486825607544545,0.14193023292989,0.0123869128969189,0.0225251489763994
199,0.0772726334314078,-0.0920429716317681,-0.236393827362682,0.418082051395461,0.0273978315412849,0.487203191788706,0.141696185178887,0.0117970599018275,0.0225757833175899
200,0.078036944909704,-0.0920539565241939,-0.236335885463262,0.419191785595541,0.0266410457191205,0.486226691988328,0.141706342603273,0.0117970599018275,0.0225642393575308
201,0.0781666524703944,-0.091827982110055,-0.236681280590165,0.418748208486273,0.0270729614791931,0.486687624316673,0.141662791352716,0.0117970599018275,0.0225328447936539
202,0.0778590577112024,-0.0918389670024808,-0.236246262364935,0.41848544602705,0.0272722111721612,0.487047228358732,0.141439888732714,0.0112352951445976,0.0225810679757401
203,0.0775661103214958,-0.0918494288047911,-0.235831959293289,0.418235196065886,0.0274619727845117,0.487389708398787,0.141227600523188,0.010700281090093,0.0226269948158222
204,0.0786560094581657,-0.0916444633497899,-0.236487262198243,0.419077753480883,0.0269865807164302,0.4865959020368,0.14139949058562,0.010700281090093,0.0225443084611536
205,0.0783770119441594,-0.0916544269710378,-0.236092687844293,0.418839420184536,0.027167306061526,0.48692207350352,0.141197311338452,0.0101907438953267,0.0225880483088509
206,0.0781113000260581,-0.0916639161341311,-0.235716902745294,0.418612436092776,0.0273394254378076,0.487232712995633,0.141004759674483,0.00970547037650158,0.0226297053066577
207,0.0781806835181693,-0.0914780064243794,-0.236057073553596,0.418903141959372,0.0269082308182326,0.486512707225124,0.142154225721733,0.00970547037650158,0.0225060710891782
208,0.0779276245485491,-0.0914870437225634,-0.23569918298312,0.418686966633887,0.0270721540337389,0.48680855436047,0.141970843184619,0.0092433051204777,0.0225457444204229
209,0.0780292538163388,-0.0913099868561332,-0.235969809102819,0.418339412361929,0.0274105713334659,0.4871697069007,0.141936719640225,0.0092433051204777,0.0225211459581404
210,0.0777882452738433,-0.0913185938067847,-0.235628960940461,0.418133531099562,0.0275666886815672,0.487451466077221,0.141762069604879,0.00880314773378828,0.0225589300831354
211,0.0786849079908552,-0.0911499682197083,-0.236168080262105,0.418826705170035,0.0271755824506602,0.486798399618709,0.141903483984634,0.00880314773378828,0.0224909038145179
212,0.0784553760456214,-0.0911581653155669,-0.235843462964621,0.418630627777304,0.027324265639328,0.487066741691585,0.141737150617638,0.00838395022265551,0.0225268886954655
213,0.0782367741930178,-0.0911659720735274,-0.235534303633685,0.418443887403276,0.0274658686761546,0.487322305570515,0.141578737887165,0.00798471449776715,0.0225611600106536
214,0.0783245653756458,-0.0910130236952268,-0.235768080651025,0.418143656955628,0.0277582062636523,0.487634282713571,0.141549260686523,0.00798471449776715,0.022539910934068
215,0.0785428716883545,-0.0914109413727472,-0.235416980344504,0.418997134591353,0.0269720737739749,0.486634300155488,0.142284603733043,0.00798471449776715,0.022521777564967
216,0.0786306628709825,-0.0912579929944466,-0.235650757361845,0.418696904143705,0.0272644113614726,0.486946277298544,0.142255126532401,0.00798471449776715,0.0225005284883814
217,0.0784224706304076,-0.0912654280020281,-0.23535631990381,0.418519056168439,0.0273992713965455,0.487189671468954,0.142104257265284,0.00760448999787347,0.0225331678361796
218,0.0785060812805295,-0.0911197628798371,-0.235578964682229,0.418233122408775,0.0276776881465433,0.487486792557578,0.142076183740863,0.00760448999787347,0.0225129306203838
219,0.0787432389230696,-0.0914987320965231,-0.23520069548697,0.418532248839434,0.027545259554602,0.487395692666374,0.141847800201927,0.00724237142654617,0.0225722941737197
220,0.0788228681136619,-0.0913600034087222,-0.235412738133084,0.418259930973087,0.0278104183641237,0.487678665131731,0.141821063512001,0.00724237142654617,0.0225530206348666
221,0.0788773881391669,-0.0910125678873095,-0.235470359755532,0.41849501583526,0.0275942620135978,0.487386706450792,0.141907964549106,0.00724237142654617,0.0225190017779359
222,0.0786885516397793,-0.0910193116583584,-0.235203296301532,0.41833370247901,0.0277165840408748,0.487607472138238,0.141771121676437,0.00689749659671063,0.0225486066285465
223,0.0787404754735935,-0.0906884206855844,-0.235258174037197,0.418557592823937,0.0275107208498977,0.48732941625163,0.141853884568917,0.00689749659671063,0.0225162077171838
224,0.0785606311884625,-0.0906948433246787,-0.23500382789053,0.41840396105608,0.027627218018733,0.487539669287293,0.141723558023519,0.00656904437781965,0.0225444028130035
225,0.0786328572116754,-0.0905690123153354,-0.235196156821246,0.418156960723792,0.027867724875442,0.487796333654964,0.1416993070576,0.00656904437781965,0.0225269211451095
226,0.0788124583554035,-0.0908963801733948,-0.234907305730171,0.418859118886883,0.0272209717306702,0.48697364552968,0.142304275601794,0.00656904437781965,0.0225120027774737
227,0.0788846843786165,-0.0907705491640516,-0.235099634660887,0.418612118554595,0.0274614785873792,0.487230309897351,0.142280024635876,0.00656904437781965,0.0224945211095797
228,0.0787134041070631,-0.0907766659631889,-0.23485740023549,0.418465802585207,0.0275724282719842,0.487430550883697,0.142155904116448,0.00625623274078062,0.0225213735817889
229,0.0787821907958373,-0.0906568269066715,-0.235040570645695,0.418230564173505,0.0278014824212309,0.487674993138621,0.142132807958431,0.00625623274078062,0.0225047243742708
230,0.0791875214913211,-0.0906626524296595,-0.235009842819336,0.418819079913349,0.0274001427418715,0.48715713444558,0.14213819465745,0.00625623274078062,0.0224986023657804
231,0.079024397423175,-0.0906684779526474,-0.234779143366577,0.418679731371075,0.0275058091081619,0.487347840146862,0.142019984638948,0.00595831689598154,0.0225241761488368
232,0.0790899085553409,-0.0905543455178689,-0.234953591376296,0.418455694788501,0.0277239559169683,0.487580642294409,0.141997988297979,0.00595831689598154,0.0225083197607243
233,0.0787114265978959,-0.0908512778154285,-0.234501145753807,0.418399368862756,0.0276201946499937,0.487509263145888,0.142429001441559,0.00567458751998242,0.0225249748296479
234,0.0787738181523396,-0.0907425802584966,-0.234667286715444,0.418186000688877,0.0278279535155236,0.487730979476885,0.142408052545397,0.00567458751998242,0.0225098735076361
235,0.0793518149345655,-0.0906338827015648,-0.235014807837081,0.418632826875194,0.0275758429518926,0.487310007014845,0.142499209515469,0.00567458751998242,0.0224660231683482
236,0.079203856596111,-0.0906391666226423,-0.234805556632765,0.418506433639572,0.0276716854609996,0.487482982707618,0.142391989544038,0.00540436906664993,0.0224892193434561
237,0.079062943892821,-0.0906441989284304,-0.234606269771511,0.418386059129455,0.0277629640411015,0.487647721462639,0.142289875285533,0.00514701815871421,0.0225113109387969
238,0.0791195348719083,-0.0905456070400568,-0.234756964521295,0.418192527905981,0.0279514074565481,0.487848824710709,0.142270874019174,0.00514701815871421,0.0224976135945684
239,0.0794530014381919,-0.0905503997122359,-0.234731684662505,0.418676701261604,0.027621224309107,0.487422781082352,0.142275305669788,0.00514701815871421,0.0224925770030327
240,0.07931879886363,-0.0905551923844151,-0.234541887651787,0.418562058871017,0.0277081562901564,0.487579675134753,0.142178053995021,0.0049019220559183,0.0225136166176429
241,0.0793726950341894,-0.0904612953478688,-0.234685406461105,0.41837774342009,0.0278876262096294,0.487771202037677,0.14215995755087,0.0049019220559183,0.0225005715279016
242,0.0790613169911352,-0.0907055822839167,-0.234313178327775,0.418331403941585,0.0278022615585018,0.48771247823554,0.14251455313076,0.00466849719611267,0.0225142736943229
243,0.0792695164631478,-0.0903878494049645,-0.234659157803319,0.41841138724286,0.0277549991110545,0.48756437811033,0.142641545741233,0.00466849719611267,0.0224608373901671
244,0.0791477907719352,-0.0903921964999116,-0.234487006319675,0.418307403215117,0.0278338489804871,0.487706685640853,0.14255333560539,0.00444618780582159,0.0224799209408339
245,0.0792864519337769,-0.0906137719521092,-0.234265840155507,0.418482296243942,0.0277564207254962,0.487653421421228,0.142419804480206,0.00423446457697294,0.0225146295809961
246,0.0793330094723229,-0.0905326601615499,-0.234389817099093,0.41832307762744,0.0279114535897423,0.487818869561104,0.142404172091348,0.00423446457697294,0.0225033607420012
247,0.0795218525308377,-0.0902444670740649,-0.234703630682354,0.418395624839481,0.0278685851566835,0.487684538381775,0.142519358132593,0.00423446457697294,0.022454892438912
248,0.0794114437406222,-0.0902484100173276,-0.234547484211928,0.418301308261029,0.0279401043126315,0.487813615506966,0.142439348939085,0.00403282340664089,0.0224722017819206
249,0.0795372135019299,-0.0904493854841735,-0.234346879981391,0.41845994139375,0.0278698746028891,0.487765303289619,0.142318232272251,0.00384078419680085,0.0225036835417048
250,0.0794370694745235,-0.0904529618499447,-0.234205250529757,0.418374393476786,0.0279347445856083,0.487882380047162,0.142245661575192,0.00365788971123891,0.0225193836260663
251,0.0796001992086903,-0.0902040098253383,-0.234476334501908,0.418437062486216,0.027897713221342,0.487766339723802,0.142345163608445,0.00365788971123891,0.0224775148835208
252,0.0793678441187887,-0.0903863004982144,-0.234198572137755,0.418402483253884,0.0278340128043421,0.487722519118499,0.142609768289739,0.0034837044868942,0.0224877396510717
253,0.0794061471209707,-0.0903195696273864,-0.23430056827606,0.418271493704055,0.0279615587254315,0.487858633712624,0.142596907484739,0.0034837044868942,0.0224784687493426
254,0.079631850418952,-0.0903228134965666,-0.234283457872564,0.418599201289187,0.0277380777745648,0.48757027061501,0.142599907000313,0.0034837044868942,0.0224750597859407
255,0.0795410168340029,-0.0903260573657467,-0.234154995784915,0.41852160680668,0.0277969167611582,0.487676462685344,0.142534083238808,0.00331781379704209,0.0224893002252709
256,0.0795774958837001,-0.0902625041554344,-0.234252134964253,0.418396854854462,0.0279183890669576,0.48780609563213,0.142521834853093,0.00331781379704209,0.0224804707950527
257,0.0794909877075581,-0.0902655935546535,-0.234129790118873,0.418322955347313,0.0279744261970465,0.48790723093721,0.142459145556421,0.00315982266384961,0.0224940331182243
258,0.0796319053053698,-0.090050539435568,-0.234363962646376,0.418377091193922,0.0279424371122684,0.487806990942946,0.142545099153876,0.00315982266384961,0.0224578653242103
259,0.0795495165661869,-0.0900534817205387,-0.234247443746014,0.418306710710922,0.0279958058075912,0.487903310281117,0.142485395061808,0.00300935491795201,0.0224707818224689
260,0.0796433678985061,-0.0902034527082454,-0.234097749780556,0.418425085196975,0.0279433993168801,0.487867258960687,0.142395015940227,0.00286605230281144,0.0224942739963331
261,0.0796748798731932,-0.0901485530556702,-0.234181662255959,0.41831731977016,0.02804833166181,0.48797924077413,0.142384435324125,0.00286605230281144,0.022486646802537
262,0.0795891280209047,-0.0901512217948726,-0.234092517085672,0.418447094272342,0.0278644733304631,0.487742003740084,0.142680303078462,0.00286605230281144,0.0224694801139137
263,0.0796206399955919,-0.0900963221422974,-0.234176429561075,0.418339328845526,0.0279694056753929,0.487853985553526,0.14266972246236,0.00286605230281144,0.0224618529201177
264,0.07954591098046,-0.0900989908814998,-0.234070743483649,0.418275491672737,0.0280178126552776,0.487941350032593,0.14261556909087,0.00272957362172518,0.0224735685647967
265,0.0797227554202866,-0.090101532537883,-0.234057337034791,0.418532259140638,0.0278427094825663,0.487715410000169,0.142617919289809,0.00272957362172518,0.0224708975527709
266,0.0797527668247505,-0.0900492471544781,-0.234137253678032,0.418429625400813,0.0279426450491661,0.487822059346304,0.142607842512569,0.00272957362172518,0.0224636335586793
267,0.0796815963341488,-0.0900517888108613,-0.23403660027096,0.418368828093396,0.0279887469347705,0.487905263612082,0.142556267873054,0.00259959392545255,0.0224747913155165
268,0.079613814914528,-0.0900542094359882,-0.233940739883272,0.418310925895855,0.028032653492489,0.487984505769965,0.142507149168755,0.00247580373852624,0.0224854177505995
269,0.0798659929960629,-0.0900067850519474,-0.234092362197517,0.418505874680883,0.0279226584886651,0.487800836879202,0.142546920652849,0.00247580373852624,0.0224662859928176
270,0.0798014392630908,-0.0900090904092111,-0.234001066590195,0.418450729730845,0.0279644742579208,0.487876305600996,0.142500140934469,0.00235790832240594,0.0224764064071824
271,0.0797399595174031,-0.0900112859875575,-0.233914118392746,0.418398210730808,0.0280042988000691,0.487948180574133,0.142455588821725,0.00224562697371994,0.0224860448970537
272,0.0797646499741275,-0.0899682706732348,-0.233979866012917,0.418313773699057,0.0280865160380305,0.488035921255134,0.142447298632152,0.00224562697371994,0.0224800687911377
273,0.079826046601958,-0.0900801813333104,-0.23388112230467,0.418553806376592,0.0278654235588654,0.487754685425561,0.142654107050996,0.00224562697371994,0.0224749689490846
274,0.0798507370586825,-0.0900371660189877,-0.233946869924841,0.418469369344841,0.0279476407968268,0.487842426106562,0.142645816861423,0.00224562697371994,0.0224689928431687
275,0.0797921849199323,-0.0900392570459842,-0.233864062117747,0.418419351249568,0.0279855689322061,0.48791087846193,0.142603386277858,0.00213869235592376,0.0224781723573317
276,0.0798156996406222,-0.0899982900799626,-0.233926678898862,0.418338935028853,0.028063871063598,0.487994441015264,0.142595490859217,0.00213869235592376,0.022472480827888
277,0.0797599356989553,-0.0900002815342451,-0.233847814320677,0.41829129874764,0.0280999930972925,0.488059633734663,0.142555080779631,0.00203684986278453,0.022481223222329
278,0.0799674032307224,-0.0899612653761292,-0.23397255437384,0.418451683595541,0.0280094999354319,0.48790852888369,0.142587800878022,0.00203684986278453,0.0224654834778547
279,0.0799142947148492,-0.0899631619992554,-0.233897445251759,0.418406315708672,0.0280439018722839,0.487970617187879,0.14254931508794,0.00193985701217574,0.0224738095677985
280,0.0798637151759223,-0.0899649683069945,-0.233825912754538,0.418363108197368,0.0280766656216667,0.488029748906154,0.142512661954528,0.0018474828687388,0.0224817391772689
281,0.0798769226566601,-0.0899295795014473,-0.233890665900589,0.418418445454352,0.0279945856562602,0.487892692351984,0.142731468333623,0.0018474828687388,0.0224582048105743
282,0.0798287516672059,-0.0899312997945322,-0.23382253971276,0.418377295443587,0.028025789227101,0.487949008274151,0.142696560587517,0.00175950749403696,0.0224657568195937
283,0.0798480972861116,-0.0898975961702015,-0.233874054693548,0.418311136819791,0.0280902085843785,0.488017755393579,0.142690065007061,0.00175950749403696,0.022461074384235
284,0.0799029702163718,-0.0899852811006775,-0.233786531732243,0.418380347930142,0.0280595675946461,0.487996676933179,0.142637222206507,0.00167572142289234,0.0224748097717489
285,0.0799213946153295,-0.0899531824108387,-0.233835593618707,0.418317339717004,0.0281209193634818,0.488062150380253,0.142631035939407,0.00167572142289234,0.0224703503095026
286,0.0799340093197315,-0.0898727936663218,-0.233848925962697,0.418371733052631,0.0280709056585864,0.487994597725545,0.142651142879658,0.00167572142289234,0.0224624791131798
287,0.0798903168122901,-0.0898743540228614,-0.233787133502081,0.418334408779828,0.0280992082171722,0.488045677927057,0.142619480524913,0.00159592516465937,0.0224693290079819
288,0.0799023308164825,-0.0897977933137977,-0.233799830972547,0.418386211956615,0.0280515761172717,0.48798134206543,0.142638629991818,0.00159592516465937,0.0224618326305316
289,0.0798607189046335,-0.089799279367645,-0.233740981010056,0.418350665030136,0.0280785309349725,0.488029989876393,0.142608475368252,0.00151992872824702,0.0224683563398669
290,0.0798774303776111,-0.0897701649097413,-0.233785481587348,0.418293514723434,0.028134178797862,0.488089376222946,0.14260286424163,0.00151992872824702,0.0224643114761513
291,0.0799189860320226,-0.0898459104495111,-0.233718647958853,0.418455978287763,0.0279845347053146,0.487899024743478,0.142742840319903,0.00151992872824702,0.0224608597023097
292,0.0799356975050002,-0.0898167959916074,-0.233763148536145,0.418398827981061,0.0280401825682041,0.487958411090031,0.142737229193281,0.00151992872824702,0.0224568148385941
293,0.0798960671127631,-0.0898182112809858,-0.23370710095282,0.418364973765367,0.0280658538231572,0.488004742338568,0.14270851050417,0.00144755116975907,0.022463027895104
294,0.0799119828013131,-0.0897904832258394,-0.233749482455003,0.418310544901841,0.028118851787814,0.488061300763856,0.142703166574054,0.00144755116975907,0.0224591756439463
295,0.0799571268968372,-0.0898626218351439,-0.233677477098137,0.41836748505361,0.028093643369731,0.48804395946232,0.142659692671264,0.0013786201616753,0.0224704757812463
296,0.0800186087779886,-0.0897687944353299,-0.233779645796216,0.418391104344166,0.0280796866380026,0.488000225084857,0.142697193941121,0.0013786201616753,0.0224546958925198
297,0.0799826628439866,-0.0897700781445166,-0.233728808985944,0.418360397572561,0.028102971222994,0.488042248893054,0.142671145243515,0.0013129715825479,0.0224603313179256
298,0.0799484286211277,-0.0897713007246944,-0.233680392976161,0.418331153028176,0.028125147018224,0.488082271567527,0.142646336960081,0.0012504491262361,0.0224656983897406
299,0.0800289691528001,-0.0898084998690737,-0.233708130005174,0.418445646452888,0.0280266962824824,0.487936409395735,0.142780506274933,0.0012504491262361,0.0224544193905029
300,0.0799963651310297,-0.0898096642311478,-0.233662019519666,0.418417794505854,0.0280478160874633,0.487974526228566,0.142756879338329,0.00119090392974867,0.0224595308874696
301,0.0800094590073878,-0.0897868522915578,-0.233696886886397,0.418373015745131,0.0280914176441454,0.488021056985021,0.142752482873798,0.00119090392974867,0.0224563616309087
302,0.0799784075580827,-0.0897879612078188,-0.233652972138295,0.418346490081289,0.0281115317441272,0.488057358730575,0.142729981029413,0.00113419421880825,0.0224612297232579
303,0.079990877916519,-0.0897662355510664,-0.233686179154229,0.418303843642506,0.0281530570362053,0.488101673736723,0.142725793920335,0.00113419421880825,0.022458211383676
304,0.0800643604339654,-0.0897672916617912,-0.23368060849782,0.418410535828916,0.0280802980512109,0.488007790986489,0.142726770476537,0.00113419421880825,0.0224571015230099
305,0.0800347876251033,-0.0897683477725161,-0.233638784928199,0.418385273291924,0.0280994543369079,0.488042364077493,0.142705340148552,0.00108018497029357,0.0224617378014378
306,0.0800466641569474,-0.0897476566708471,-0.23367041065766,0.41834465763594,0.0281390022341252,0.488084568845252,0.142701352425621,0.00108018497029357,0.0224588631923121
307,0.0799780490548814,-0.0898014876118021,-0.233588386661653,0.418334446292789,0.0281201913244268,0.488071628499048,0.142779490921411,0.00102874759075579,0.0224618825945099
308,0.0800239277812107,-0.0897314721614344,-0.233664626517213,0.41835207137106,0.0281097765963243,0.488038993233223,0.142807474946372,0.00102874759075579,0.0224501073985849
309,0.079997104371812,-0.0897324300849943,-0.233626691306672,0.418329157505307,0.0281271519121492,0.488070352045925,0.142788037007156,0.000979759610243605,0.0224543126397894
310,0.0800276596726259,-0.0897812563352936,-0.233577955246869,0.418367696841304,0.0281100898625362,0.488058614770457,0.142758612158526,0.000933104390708196,0.0224619610175103
311,0.080037919067373,-0.0897633825837169,-0.233605274741058,0.418332611510576,0.0281442528230953,0.488095072835685,0.142755167413526,0.000933104390708196,0.0224594778220666
312,0.0800449434068033,-0.0897186191227696,-0.233612698689064,0.418362899755153,0.0281164033207879,0.488057456989846,0.142766363710223,0.000933104390708196,0.0224550948454282
313,0.0800206137837659,-0.0897194879876766,-0.233578290334831,0.41834211620345,0.0281321632444386,0.488085900357376,0.142748732926353,0.00088867084829352,0.0224589091231646
314,0.0800303846359061,-0.0897024653671273,-0.233604308900726,0.418308701602756,0.028164699397352,0.48812062232426,0.142745452216829,0.00088867084829352,0.0224565441751229
315,0.0800879601111033,-0.0897032928575149,-0.233599944145665,0.418392297722567,0.0281076908287633,0.488047062732871,0.142746217374167,0.00088867084829352,0.0224556745702498
316,0.0800647890415439,-0.0897041203479025,-0.233567174284492,0.418372503863802,0.0281227002798592,0.488074151654328,0.142729426151434,0.000846353188850971,0.0224593072157132
317,0.0800740946150107,-0.0896879083283318,-0.233591953871058,0.41834068043457,0.0281536870921577,0.488107220194218,0.142726301666173,0.000846353188850971,0.0224570548842449
318,0.080020332887127,-0.0897300862791356,-0.233527685923908,0.418332679580017,0.028138948252194,0.488097081094364,0.142787525222233,0.000806050656048544,0.0224594206648739
319,0.0800562800696903,-0.0896752273417155,-0.233587421845668,0.418346489290028,0.028130788040209,0.48807151050964,0.142809451438033,0.000806050656048544,0.0224501944907514
320,0.0800352632265525,-0.0896759778998902,-0.233557698615579,0.418328535676636,0.0281444020548085,0.488096080959942,0.142794221304035,0.000767667291474803,0.0224534894072714
321,0.0800876605747964,-0.089698814947645,-0.233570296291132,0.41834696614583,0.0281461737164913,0.48809347820912,0.142782837054474,0.000731111706166479,0.0224543011645766
322,0.0800685976785263,-0.0896994957260348,-0.233543336445246,0.418330681689238,0.0281585220290532,0.488115764331842,0.142769022873977,0.000696296863015695,0.0224572897509892
323,0.0800996502063858,-0.0896521065132758,-0.233594938580445,0.418342611035971,0.0281514729311287,0.488093675499341,0.142787963563579,0.000696296863015695,0.0224493198348916
324,0.0800814950670809,-0.0896527548736469,-0.233569262536744,0.418327102029693,0.0281632332288066,0.488114900378124,0.142774807201201,0.000663139869538757,0.0224521661076655
325,0.0801021760973904,-0.0896858024017498,-0.233536276053118,0.418353186969283,0.0281516849620316,0.488106956128085,0.142754891305427,0.000631561780513102,0.0224573428307627
326,0.0801091200595858,-0.0896737047431355,-0.233554766962137,0.418329439836416,0.0281748077984615,0.488131632381694,0.142752559766418,0.000631561780513102,0.0224556621063428
327,0.080090223826443,-0.0896742928251049,-0.233535122979221,0.418358036877574,0.028134292873108,0.488079354953443,0.142817757029407,0.000631561780513102,0.0224518792638518
328,0.0800971677886384,-0.0896621951664906,-0.23355361388824,0.418334289744707,0.0281574157095379,0.488104031207052,0.142815425490398,0.000631561780513102,0.0224501985394318
329,0.0800807005421034,-0.0896627832484599,-0.233530324959713,0.418320222618831,0.0281680826462072,0.488123282797785,0.142803492281892,0.000601487410012478,0.0224527801927416
330,0.0801196698900044,-0.089663343326526,-0.233527370721682,0.418376803763232,0.0281294970030134,0.488073494770879,0.142804010170496,0.000601487410012478,0.0224521916099341
331,0.0801039867980663,-0.089663903404592,-0.233505190789752,0.418363406500494,0.0281396559903176,0.488091829619196,0.142792645210014,0.000572845152392836,0.0224546503273719
332,0.0801102851764748,-0.0896529304716085,-0.233521962589315,0.418341867150955,0.028160629084585,0.488114211708638,0.142790530435403,0.000572845152392836,0.0224531258607779
333,0.0800953488984385,-0.0896534638792904,-0.233500838844619,0.418329107853109,0.028170304310589,0.48813167346894,0.142779706663515,0.000545566811802701,0.0224554674964329
334,0.0801509187280695,-0.0896430134669253,-0.233534250258171,0.418372066665012,0.0281460658693036,0.488091200288614,0.142788470686867,0.000545566811802701,0.022451251632334
335,0.0801366937013682,-0.0896435214742414,-0.23351413240608,0.418359914952777,0.0281552803702598,0.488107830536521,0.142778162332688,0.000519587439812096,0.0224534817615293
336,0.0801231460568909,-0.0896440052907329,-0.233494972546945,0.418348341893506,0.0281640560854561,0.48812366886786,0.142768344852518,0.000494845180773425,0.0224556056940962
337,0.08012858683297,-0.0896345264586557,-0.233509460658003,0.418329735393527,0.0281821734328419,0.488143003358254,0.142766518030697,0.000494845180773425,0.0224542888025346
338,0.08014211616164,-0.0896591870329468,-0.233487701546303,0.41838262886831,0.0281334536102264,0.488081030378523,0.14281209022528,0.000494845180773425,0.0224531650040177
339,0.0801475569377191,-0.0896497082008696,-0.23350218965736,0.41836402236833,0.0281515709576122,0.488100364868917,0.142810263403459,0.000494845180773425,0.022451848112456
340,0.0801346544191692,-0.0896501689784805,-0.23348394217247,0.41835300040712,0.0281599287816087,0.488115448994002,0.142800913422344,0.000471281124546119,0.022453870905377
341,0.0801398361106731,-0.0896411415193593,-0.233497740373478,0.418335279930949,0.0281771833981666,0.488133862794377,0.142799173592038,0.000471281124546119,0.0224526167229372
342,0.0801275479977684,-0.0896415803551793,-0.23348036181644,0.418324782825034,0.0281851432305442,0.488148228627792,0.14279026884812,0.000448839166234399,0.0224545431923857
343,0.0801732654341296,-0.0896329827750639,-0.233507849469055,0.418360125145901,0.0281652022049136,0.488114931242175,0.14279747903182,0.000448839166234399,0.0224510747905582
344,0.0801615624694585,-0.0896334007139401,-0.233491298462352,0.418350127902173,0.0281727829976542,0.488128612988284,0.142788998323326,0.000427465872604189,0.0224529095233662
345,0.0801504167888194,-0.089633798750965,-0.233475535598826,0.41834060671767,0.0281800028002643,0.488141643222674,0.142780921458094,0.000407110354861133,0.0224546568879454
346,0.0801534814848454,-0.0896142686012277,-0.233478774642749,0.418353821378452,0.0281678521546559,0.488125231553733,0.142785806365256,0.000407110354861133,0.0224527446097561
347,0.0801428665509034,-0.0896146476841086,-0.233463762391772,0.418344753583687,0.0281747281571417,0.488137641300771,0.142778114112654,0.000387724147486793,0.0224544087664982
348,0.0801471295413273,-0.0896072207711485,-0.233475114205888,0.418330174904087,0.0281889235728855,0.488152790379909,0.142776682749955,0.000387724147486793,0.0224533769475012
349,0.080157730124355,-0.0896265429763857,-0.233458065372512,0.418371618325614,0.0281507503170406,0.488104232928676,0.142812389756875,0.000387724147486793,0.0224524964219574
350,0.0801619931147788,-0.0896191160634257,-0.233469417186628,0.418357039646014,0.0281649457327843,0.488119382007815,0.142810958394177,0.000387724147486793,0.0224514646029604
351,0.0801518836538817,-0.0896194770947408,-0.233455119804745,0.418348403651,0.0281714943065803,0.488131200814518,0.142803632439317,0.000369261092844565,0.0224530495141433
352,0.0801559436447615,-0.0896124038443026,-0.233465931056284,0.418334519194238,0.0281850137501458,0.488145628508936,0.142802269236747,0.000369261092844565,0.0224520668293843
353,0.0801674596162843,-0.0896308059445285,-0.233447562947907,0.418349044264652,0.0281785832430904,0.488141204853254,0.142791179320764,0.000351677231280538,0.0224549494225084
354,0.0801831432529656,-0.0896068711718463,-0.233473625532703,0.418355069395387,0.0281750229696312,0.488130048491839,0.142800745656089,0.000351677231280538,0.0224509240732995
355,0.0801739736739206,-0.0896071986378918,-0.23346065738587,0.418347236293333,0.028180962719106,0.488140768497918,0.142794100799074,0.000334930696457655,0.022452361634463
356,0.0801652407414967,-0.089607510510316,-0.233448306769838,0.418339776196139,0.0281866196233677,0.488150978027518,0.142787772363822,0.000318981615673957,0.0224537307403331
357,0.0801794662622961,-0.089585800965933,-0.233471946302532,0.418345241167327,0.0281833903503888,0.488140858878842,0.142796449311963,0.000318981615673957,0.0224500796299395
358,0.0801592040324756,-0.0896016973920001,-0.233447724389165,0.418342225729392,0.0281778354366168,0.488137037558741,0.142819523826346,0.000303792014927578,0.0224509712677774
359,0.0801625441970202,-0.0895958782113598,-0.233456618832562,0.418330802952452,0.0281889579162959,0.488148907258644,0.142818402316218,0.000303792014927578,0.0224501628105942
360,0.0801720184152916,-0.089611017664757,-0.233441507344343,0.418342752763829,0.0281836675222272,0.488145267906168,0.142809278614893,0.000289325728502455,0.0224525343270912
361,0.0801751995243816,-0.0896054755879567,-0.233449978242817,0.418331873928648,0.0281942603600169,0.488156572382266,0.142808210510009,0.000289325728502455,0.0224517643678691
362,0.0801939444470234,-0.0896057449950828,-0.233448557203812,0.418359090426534,0.0281757000058998,0.488132623490044,0.142808459623283,0.000289325728502455,0.0224514812494751
363,0.0801864006116503,-0.0896060144022088,-0.233437888277319,0.41835264611409,0.0281805866524924,0.488141442865575,0.142802992882972,0.000275548312859481,0.022452663934602
364,0.080189430239355,-0.0896007362338276,-0.233445955799675,0.41834228531868,0.0281906750694349,0.488152209033288,0.142801975640225,0.000275548312859481,0.0224519306401048
365,0.0801822456342377,-0.0896009928120428,-0.2334357949173,0.418336147878256,0.0281953290185707,0.488160608438556,0.142796769220881,0.000262426964628078,0.0224530570068924
366,0.0801842211646216,-0.0895884035033871,-0.233437882833894,0.418344666166421,0.0281874966040738,0.488150029330426,0.142799918075593,0.000262426964628078,0.0224518243353213
367,0.0801773786835575,-0.0895886478635921,-0.233428205803061,0.418338820985065,0.0281919289365841,0.488158028764015,0.14279495958098,0.000249930442502931,0.0224528970655953
368,0.0802028358627866,-0.089583860409278,-0.233443511956575,0.418358500911769,0.0281808250273561,0.488139487533776,0.142798974481056,0.000249930442502931,0.0224509657296764
369,0.0801963192141541,-0.0895840931332828,-0.233434295736734,0.418352934072383,0.0281850462964135,0.488147106041955,0.142794252105234,0.000238028992859934,0.0224519873775563
370,0.0801811992262919,-0.0895959552911656,-0.233416220972044,0.418350683906168,0.0281809011342298,0.488144254514061,0.142811470663137,0.000226694278914223,0.0224526527314391
371,0.0801836917085023,-0.0895916129289759,-0.233422858142652,0.418342160054143,0.0281892008998151,0.488153111866882,0.142810633775012,0.000226694278914223,0.0224520494482415
372,0.0801861841907127,-0.0895872705667863,-0.233429495313259,0.418333636202119,0.0281975006654005,0.488161969219703,0.142809796886887,0.000226694278914223,0.0224514461650439
373,0.080200871328091,-0.089587481654319,-0.233428381892015,0.418354961040372,0.0281829581422908,0.488143204635989,0.142809992073655,0.000226694278914223,0.022451224334374
374,0.0801949605356806,-0.0895876927418517,-0.23342002250894,0.418349911752947,0.0281867869577624,0.48815011484749,0.142805708739576,0.000215899313251641,0.0224521509991176
375,0.080197334328262,-0.0895835571588139,-0.233426343623804,0.418341793798638,0.0281946914964151,0.488158550421605,0.142804911703267,0.000215899313251641,0.0224515764436914
376,0.0801917050021568,-0.0895837581945593,-0.233418382306589,0.41833698495347,0.0281983379873404,0.488165131575415,0.142800832337477,0.000205618393572991,0.0224524589815424
377,0.0802049487354623,-0.0895898750594114,-0.233422943262512,0.418355811752234,0.0281821491782921,0.48814114663687,0.14282289455369,0.000205618393572991,0.0224506043121635
378,0.0802072094903017,-0.0895859364088993,-0.233428963371906,0.418348080367178,0.0281896773103423,0.48814918051698,0.142822135471491,0.000205618393572991,0.0224500571165194
379,0.0802018482273444,-0.0895861278715139,-0.233421381165035,0.418343500514638,0.0281931501588426,0.488155448282513,0.142818250361215,0.000195827041498087,0.0224508976287586
380,0.0801967422626232,-0.0895863102168612,-0.233414160015634,0.418339138750314,0.0281964576336048,0.488161417583022,0.142814550256191,0.000186501944283892,0.0224516981166054
381,0.0802050596300111,-0.089573617095885,-0.233427981560804,0.418342334005783,0.0281945695445752,0.488155501126368,0.142819623488061,0.000186501944283892,0.0224495633879761
382,0.080200196806467,-0.0895737907581205,-0.23342110427566,0.418338179944522,0.0281977195205392,0.488161186174471,0.142816099578514,0.000177620899317993,0.022450325757354
383,0.0802057361856706,-0.08958264248297,-0.233412268901471,0.418345166751742,0.0281946263366962,0.488159058320452,0.142810765139309,0.000169162761255231,0.0224517123339335
384,0.0802075961142719,-0.0895794021454463,-0.233417221660369,0.418338806122123,0.0282008197495644,0.4881656678135,0.142810140640505,0.000169162761255231,0.022451262154723
385,0.0802025347899891,-0.0895795596622132,-0.233411960052566,0.418346465791526,0.0281899678949141,0.488151665392221,0.1428276036178,0.000169162761255231,0.0224502489267207
386,0.0802043947185904,-0.0895763193246896,-0.233416912811464,0.418340105161906,0.0281961613077823,0.48815827488527,0.142826979118996,0.000169162761255231,0.0224497987475102
387,0.0801999839942874,-0.0895764768414565,-0.233410674911106,0.418336337305887,0.0281990184288381,0.488163431391486,0.142823782829158,0.000161107391671649,0.0224504902390094
388,0.0802104218686152,-0.089576626857425,-0.233409883623416,0.418351492470302,0.0281886833291711,0.488150095752173,0.14282392154475,0.000161107391671649,0.0224503325880938
389,0.0802121932291878,-0.0895735408216882,-0.233414600536651,0.418345434727807,0.0281945818176171,0.488156390507457,0.142823326783984,0.000161107391671649,0.0224499038459885
390,0.0802079925393755,-0.0895736908376567,-0.233408659679168,0.418341846293504,0.0281973028852892,0.488161301465758,0.142820282698423,0.000153435611115856,0.0224505624093211
391,0.0802039918824113,-0.0895738337100076,-0.233403001719661,0.418338428737024,0.0281998943783103,0.488165978568902,0.142817383569318,0.000146129153443672,0.022451189612495
392,0.0802105087573959,-0.0895638883175886,-0.233413831261962,0.418340932303293,0.0281984150111511,0.4881613428703,0.142821358579237,0.000146129153443672,0.0224495169967556
393,0.0802066986079062,-0.0895640243864942,-0.233408442729098,0.418337677487598,0.0282008830997426,0.488165797254247,0.142818597503898,0.000139170622327307,0.0224501143331118
394,0.0802110388564582,-0.0895709599445322,-0.23340151998223,0.418343151833875,0.0281984595092639,0.488164130024945,0.142814417831198,0.000132543449835531,0.0224512007521436
395,0.080212496159185,-0.0895684210552942,-0.233405400598423,0.418338168114133,0.0282033122103059,0.488169308735695,0.142813928520044,0.000132543449835531,0.0224508480249525
396,0.0802161199671265,-0.0895750263486637,-0.233399572456931,0.418352335542439,0.0281902626877163,0.488152709377251,0.142826134955757,0.000132543449835531,0.0224505470174089
397,0.0802175772698533,-0.0895724874594257,-0.233403453073123,0.418347351822697,0.0281951153887584,0.488157888088002,0.142825645644603,0.000132543449835531,0.0224501942902178
398,0.0802141213519489,-0.0895726108779342,-0.233398565514969,0.418344399608915,0.0281973540178663,0.488161928345549,0.142823141267878,0.00012623185698622,0.0224507360919014
399,0.0802155092593078,-0.0895701928881838,-0.233402261339914,0.418339653209161,0.0282019756379063,0.488166860451026,0.142822675257256,0.00012623185698622,0.0224504001612432
400,0.0802164595232003,-0.0895641372154672,-0.233403265663495,0.418343750651415,0.028198208112614,0.488161771719133,0.142824189910211,0.00012623185698622,0.0224498072251411
401,0.0802131681728151,-0.0895642547569039,-0.233398610846206,0.418340939019241,0.0282003401403358,0.488165619583464,0.142821804789522,0.000120220816177352,0.0224503232267445
402,0.0802144899893473,-0.0895619519095225,-0.233402130679487,0.418336418638523,0.0282047416832311,0.488170316826776,0.142821360969881,0.000120220816177352,0.0224500032927844
403,0.0802177768899745,-0.0895679431053225,-0.233396844383349,0.418349268913631,0.0281929053815626,0.488155260719343,0.142832432566899,0.000120220816177352,0.022449730270069
404,0.0802190987065068,-0.0895656402579411,-0.23340036421663,0.418344748532912,0.0281973069244578,0.488159957962654,0.142831988747258,0.000120220816177352,0.0224494103361088
405,0.0802159640870923,-0.0895657522021665,-0.233395931057307,0.418342070787985,0.0281993374270501,0.488163622595351,0.142829717203744,0.000114496015407002,0.0224499017662073
406,0.0802172229599802,-0.0895635590141843,-0.233399283279479,0.418337765663491,0.0282035293726646,0.488168096160409,0.142829294518372,0.000114496015407002,0.0224495970671976
407,0.0802207936932052,-0.0895692649149461,-0.233393587918499,0.418342269421722,0.0282015354787799,0.488166724526736,0.142825855891298,0.000109043824197145,0.0224504908668238
408,0.0802219926197651,-0.0895671761644868,-0.233396780511044,0.418338169303156,0.0282055278079366,0.488170985064887,0.1428254533338,0.000109043824197145,0.0224502006772908
409,0.0802228134934439,-0.0895619450467099,-0.233397648083514,0.418341708827833,0.0282022732779356,0.488166589226949,0.142826761747972,0.000109043824197145,0.0224496884767923
410,0.0802199703012312,-0.0895620465834223,-0.233393627077325,0.418339280034248,0.0282041150036429,0.488169913156832,0.142824701391043,0.000103851261140138,0.0224501342183782
411,0.0802207520856873,-0.0895570645664918,-0.233394453336821,0.418342651010131,0.028201015451261,0.488165726644511,0.142825947499779,0.000103851261140138,0.0224496464083797
412,0.08021804428358,-0.0895571612681227,-0.233390623807117,0.418340337873383,0.0282027694757441,0.488168892292018,0.142823985255084,9.89059629906073E-05,0.0224500709241758
413,0.0802191317453123,-0.089555266709883,-0.233393519582668,0.418336618944979,0.028206390635977,0.488172756725715,0.142823620123568,9.89059629906073E-05,0.022449807713715
414,0.0802218358865927,-0.0895601956814946,-0.233389170533753,0.418347190898112,0.0281966528813019,0.48816037002887,0.142832728753834,9.89059629906073E-05,0.0224495830972514
415,0.080222923348325,-0.0895583011232548,-0.233392066309304,0.418343471969708,0.0282002740415347,0.488164234462567,0.142832363622317,9.89059629906073E-05,0.0224493198867906
416,0.0802203444891752,-0.0895583932200461,-0.233388419138158,0.41834126898233,0.0282019445410424,0.488167249364955,0.142830494817847,9.41961552291498E-05,0.0224497241875488
417,0.0802213801670155,-0.0895565888788654,-0.233391177019635,0.418337727145755,0.0282053932650737,0.488170929778,0.142830147073545,9.41961552291498E-05,0.0224494735109194
418,0.0802243178180765,-0.0895612831375431,-0.233386491432062,0.418341432398796,0.0282037528836403,0.488169801331583,0.142827318106541,8.97106240277617E-05,0.0224502088420839
419,0.0802283186140011,-0.0895551775293254,-0.233393139831611,0.41834296937131,0.0282028446805343,0.488166955414772,0.142829758417814,8.97106240277617E-05,0.0224491820011134
420,0.0802259795127315,-0.08955526106383,-0.233389831739868,0.418340971196817,0.0282043598728316,0.488169690020113,0.142828063357069,8.54386895502493E-05,0.0224495487138193
421,0.0802237517972365,-0.089555340620501,-0.233386681176304,0.41833906817349,0.0282058029131147,0.488172294406152,0.142826449013503,8.13701805240469E-05,0.0224498979640152
422,0.0802290236330569,-0.0895554163887591,-0.23338628152225,0.418346722561358,0.0282005829854819,0.488165559002102,0.142826519074303,8.13701805240469E-05,0.02244981833959
423,0.0802299182905153,-0.0895538577310067,-0.233388663883962,0.418343662989757,0.028203562122967,0.488168738281268,0.142826218679701,8.13701805240469E-05,0.0224496017956926
424,0.0802277966567106,-0.0895539334992648,-0.233385663347234,0.418341850586589,0.0282049364470462,0.488171218648925,0.142824681209638,7.74954100229018E-05,0.0224499344149269
425,0.0802228740225187,-0.0895577954774963,-0.233379778722492,0.418341117997036,0.0282035869011813,0.488170290273264,0.142830287078018,7.38051524027637E-05,0.0224501510350593
426,0.0802261654872271,-0.0895527723785055,-0.233385248377254,0.418342382468126,0.0282028397202384,0.488167948930461,0.142832294728141,7.38051524027637E-05,0.0224493062504517
427,0.0802242411028237,-0.0895528411025491,-0.233382526801991,0.418340738565026,0.0282040862726911,0.488170198697043,0.142830900197472,7.02906213359654E-05,0.0224496079459023
428,0.0802250139415741,-0.0895514946753793,-0.233384584775611,0.418338095592041,0.028206659763662,0.488172945077923,0.14283064070532,7.02906213359654E-05,0.0224494208871419
429,0.0802295679515691,-0.0895515601268494,-0.233384239539413,0.418344707740075,0.0282021505939112,0.488167126782663,0.142830701226473,7.02906213359654E-05,0.0224493521045697
430,0.0802277352045183,-0.0895516255783196,-0.233381647562971,0.418343142118075,0.0282033377867233,0.488169269417503,0.142829373102026,6.69434488913956E-05,0.0224496394335703
431,0.0802284712414234,-0.0895503432667293,-0.233383607537848,0.418340625000946,0.0282057887305051,0.488171885018341,0.142829125966644,6.69434488913956E-05,0.0224494612823699
432,0.0802267257680417,-0.0895504056014627,-0.233381138988856,0.418339133932375,0.0282069193903262,0.48817392562295,0.142827861086218,6.37556656108529E-05,0.0224497349290371
433,0.0802332197324826,-0.0895491843523291,-0.233385043491226,0.418344154156456,0.0282040868537347,0.488169195873091,0.142828885261681,6.37556656108529E-05,0.022449242257533
434,0.080231557376881,-0.0895492437187419,-0.233382692492187,0.41834273409115,0.0282051636726119,0.488171139306052,0.142827680613657,6.07196815341457E-05,0.0224495028734066
435,0.0802277003641837,-0.0895522696797406,-0.233378081734721,0.418342160088066,0.0282041062681139,0.48817041189943,0.142832072958218,5.78282681277578E-05,0.0224496726009486
436,0.0802283361805362,-0.0895511619707759,-0.233379774834712,0.41833998570765,0.0282062234855045,0.488172671353777,0.142831859473383,5.78282681277578E-05,0.0224495187072435
437,0.0802289719968888,-0.0895500542618111,-0.233381467934702,0.418337811327235,0.0282083407028951,0.488174930808124,0.142831645988547,5.78282681277578E-05,0.0224493648135384
438,0.0802327185921818,-0.0895501081088976,-0.233381183908028,0.418343251157786,0.0282046309977819,0.488170144082214,0.14283169577945,5.78282681277578E-05,0.0224493082259459
439,0.0802312107866475,-0.0895501619559841,-0.233379051482595,0.418341963116692,0.0282056077042465,0.4881719068332,0.14283060312818,5.5074541074055E-05,0.0224495446122258
440,0.0802318163260309,-0.0895491069950653,-0.233380663958776,0.418339892278201,0.0282076241017613,0.488174058694482,0.142830399809289,5.5074541074055E-05,0.0224493980467924
441,0.08023038032076,-0.0895491582780048,-0.233378633077411,0.418338665572397,0.0282085542983943,0.488175737504944,0.142829359189033,5.24519438800524E-05,0.0224496231765827
442,0.0802318143846162,-0.0895517722168871,-0.233376326683917,0.418344272104862,0.0282033901591827,0.488169168575143,0.142834189690138,5.24519438800524E-05,0.0224495040576764
443,0.0802323910887908,-0.0895507674922025,-0.233377862375518,0.418342299877728,0.0282053105377683,0.488171217966841,0.142833996053099,5.24519438800524E-05,0.0224493644715493
444,0.0802329677929655,-0.089549762767518,-0.23337939806712,0.418340327650593,0.0282072309163539,0.488173267358538,0.14283380241606,5.24519438800524E-05,0.0224492248854222
445,0.080231600168898,-0.0895498116084127,-0.233377463894391,0.418339159359351,0.0282081168179091,0.488174866225645,0.142832811349149,4.99542322667166E-05,0.0224494392947463
446,0.0802366883599616,-0.0895488547277607,-0.233380523174166,0.418343092836281,0.0282058974513722,0.48817116034287,0.142833613817424,4.99542322667166E-05,0.0224490532737314
447,0.0802353858608498,-0.0895489012428986,-0.233378681104901,0.418341980177955,0.028206741167139,0.488172683073448,0.142832669944175,4.75754593016348E-05,0.0224492574730878
448,0.0802341453855052,-0.0895489455430299,-0.23337692675322,0.418340920503359,0.0282075447059646,0.488174133293046,0.142831771017272,4.53099612396522E-05,0.0224494519486653
449,0.080232963980415,-0.0895489877336311,-0.233375255942095,0.418339911289458,0.0282083099810366,0.488175514454567,0.142830914896411,4.3152344037764E-05,0.0224496371635009
450,0.0802348884316608,-0.0895460508316842,-0.233378453935953,0.418340650599516,0.0282078731198141,0.488174145519922,0.142832088727858,4.3152344037764E-05,0.0224491432354371
451,0.0802337632839559,-0.0895460910132092,-0.233376862687262,0.41833968944342,0.0282086019532159,0.488175460911847,0.142831273374658,4.10974705121562E-05,0.0224493196305187
452,0.0802348869105116,-0.089548139102721,-0.233375055567609,0.41834408230831,0.0282045557150164,0.488170313983462,0.142835058198671,4.10974705121562E-05,0.0224492262977386
453,0.0802353387733227,-0.0895473518746406,-0.233376258822163,0.418342537016744,0.0282060603818877,0.488171919735483,0.142834906478984,4.10974705121562E-05,0.0224491169283556
454,0.08023426720408,-0.0895473901427596,-0.233374743347219,0.418341621629986,0.0282067545089371,0.488173172489698,0.142834129952127,3.91404481068154E-05,0.0224492849236714
455,0.0802346975496144,-0.0895466404017306,-0.233375889303937,0.418340149923732,0.0282081875250051,0.488174701777336,0.142833985457187,3.91404481068154E-05,0.0224491807623543
456,0.0802336770074785,-0.0895466768475582,-0.233374445994467,0.41833927812682,0.0282088485983855,0.488175894876588,0.142833245907799,3.72766172445861E-05,0.0224493407578931
457,0.0802374738939912,-0.089545962808483,-0.233376728876138,0.418342213347867,0.0282071924729048,0.488173129489803,0.14283384472198,3.72766172445861E-05,0.0224490527030684
458,0.0802365019490998,-0.089545997518795,-0.23337535429569,0.418341383065093,0.0282078220666005,0.488174265774805,0.14283314038923,3.55015402329392E-05,0.022449205079772
459,0.0802355762872985,-0.0895460305762351,-0.233374045171455,0.418340592319594,0.0282084216796439,0.488175347950998,0.142832469596134,3.38109906980373E-05,0.0224493502004422
460,0.0802359480359515,-0.0895453829217451,-0.233375035091954,0.418339321004399,0.0282096595728027,0.488176669007159,0.142832344775972,3.38109906980373E-05,0.0224492602219801
461,0.0802368724462996,-0.0895470678900551,-0.233373548370143,0.418342935025214,0.0282063307226223,0.488172434616439,0.142835458560055,3.38109906980373E-05,0.022449183436871
462,0.0802372441949526,-0.0895464202355651,-0.233374538290642,0.418341663710019,0.0282075686157811,0.4881737556726,0.142835333739893,3.38109906980373E-05,0.0224490934584089
463,0.0802363626122847,-0.0895464517188413,-0.233373291505655,0.418340910619067,0.0282081396758225,0.488174786316593,0.142834694889325,3.22009435219403E-05,0.022449231668571
464,0.0802367166586209,-0.0895458349050413,-0.233374234287083,0.418339699842691,0.028209318621688,0.488176044465318,0.14283457601298,3.22009435219403E-05,0.0224491459747975
465,0.0802369590648934,-0.0895442901414627,-0.233374490483638,0.418340745074138,0.0282083575499581,0.488174746362191,0.142834962391312,3.22009435219403E-05,0.0224489947205706
466,0.0802361194623526,-0.0895443201255353,-0.233373303069365,0.418340027844661,0.0282089014166642,0.488175727927898,0.1428343539622,3.06675652589907E-05,0.0224491263492965
467,0.0802370758772445,-0.0895458484414627,-0.233371777576501,0.418341234168732,0.0282083673555389,0.488175360538125,0.142833432931719,2.92072050085626E-05,0.0224493657520239
468,0.0802373970077082,-0.0895452889731634,-0.233372632707047,0.418340135958867,0.0282094366941924,0.488176501716107,0.14283332510737,2.92072050085626E-05,0.0224492880252452
469,0.0802376168773431,-0.0895438878270603,-0.233372865084875,0.418341084014601,0.0282085649738025,0.488175324298304,0.142833675563906,2.92072050085626E-05,0.0224491508332027
470,0.0802368553330884,-0.0895439150234981,-0.233371788065127,0.418340433466322,0.0282090582769372,0.488176214607336,0.142833123700766,2.78163857224406E-05,0.0224492702243372
471,0.0802380958515202,-0.089542021870317,-0.233373849520481,0.418340910032178,0.0282087766722981,0.488175332179858,0.142833880362983,2.78163857224406E-05,0.0224489518339033
472,0.0802363289095631,-0.0895434080979156,-0.233371737279361,0.418340647074751,0.0282082922631141,0.488174998946503,0.142835892546635,2.64917959261339E-05,0.0224490295880459
473,0.0802366201843601,-0.0895429006436758,-0.233372512907975,0.41833965096603,0.0282092621847953,0.488176034028573,0.142835794746772,2.64917959261339E-05,0.0224489590875664
474,0.0802374463715035,-0.0895442208604364,-0.233371195129882,0.418340693034118,0.0282088008427154,0.488175716663473,0.142834999126013,2.52302818344132E-05,0.0224491658926435
475,0.0802377237760721,-0.0895437375706842,-0.2333719338238,0.418339744359146,0.0282097245776499,0.48817670245592,0.142834905983286,2.52302818344132E-05,0.0224490987493297
476,0.0802393584031882,-0.0895437610639897,-0.233371809903902,0.418342117739196,0.0282081060455969,0.488174614023261,0.142834927706892,2.52302818344132E-05,0.0224490740603506
477,0.080238700552628,-0.0895437845572952,-0.23337087953375,0.418341555771133,0.0282085321793922,0.488175383105677,0.142834450986763,2.40288398422983E-05,0.0224491771949015
478,0.0802389647474552,-0.0895433242813407,-0.233371583051766,0.418340652271159,0.0282094119269488,0.488176321955627,0.142834362279404,2.40288398422983E-05,0.0224491132488884
479,0.0802383382231122,-0.0895433466559174,-0.233370696984954,0.41834011706348,0.0282098177686586,0.488177054415071,0.142833908260233,2.28846093736174E-05,0.0224492114722702
480,0.080239358800696,-0.0895417891541102,-0.233372392949376,0.418340509135389,0.0282095860918251,0.488176328439801,0.142834530768111,2.28846093736174E-05,0.0224489495316723
481,0.0802379051331751,-0.0895429296069861,-0.233370655203379,0.418340292799663,0.0282091875671906,0.488176054287895,0.142836186196582,2.17948660701118E-05,0.0224490135001979
482,0.0802381447656714,-0.0895425121231272,-0.233371293314959,0.418339473298553,0.0282099855241581,0.488176905852475,0.142836105736392,2.17948660701118E-05,0.0224489554992789
483,0.080238824471879,-0.0895435982687234,-0.233370209175661,0.418340330610549,0.0282096059768872,0.488176644755422,0.142835451177225,2.07570153048684E-05,0.0224491256383276
484,0.080239052693304,-0.0895432006650483,-0.233370816900975,0.418339550133301,0.0282103659359038,0.488177455769308,0.142835374548473,2.07570153048684E-05,0.0224490703993572
485,0.0802403975050779,-0.0895432199930488,-0.233370714951769,0.418341502718942,0.0282090343655784,0.488175737610592,0.142835392420537,2.07570153048684E-05,0.0224490500876729
486,0.080239856289794,-0.0895432393210494,-0.233369949533942,0.418341040386426,0.0282093849469063,0.488176370336598,0.142835000221707,1.97685860046366E-05,0.0224491349367232
487,0.0802400736435321,-0.0895428606508826,-0.233370528319955,0.418340297074761,0.0282101087173984,0.488177142730776,0.142834927241943,1.97685860046366E-05,0.02244908232818
488,0.0802395582004046,-0.0895428790585021,-0.233369799350596,0.418339856758079,0.0282104426043774,0.488177745326973,0.142834553719248,1.88272247663206E-05,0.0224491631367993
489,0.0802403978321086,-0.0895415976979108,-0.233371194624723,0.418340179316609,0.0282102520032731,0.488177148065321,0.14283506585802,1.88272247663206E-05,0.0224489476376211
490,0.0802392018962416,-0.0895425359513143,-0.233369764976791,0.418340001336672,0.02820992413607,0.48817692251987,0.142836427783119,1.79306902536386E-05,0.0224490002646854
491,0.0802393990424893,-0.0895421924863104,-0.233370289952767,0.41833932713108,0.028210580617242,0.488177623104158,0.142836361588322,1.79306902536386E-05,0.0224489525471858
492,0.0802405607414625,-0.089542209182564,-0.233370201885209,0.418341013847972,0.0282094303567297,0.488176138894058,0.142836377026884,1.79306902536386E-05,0.0224489350011893
493,0.0802400932193514,-0.0895422258788176,-0.233369540688512,0.418340614467761,0.0282097332020622,0.488176685466572,0.142836038230788,1.70768478606082E-05,0.0224490082969891
494,0.0802396479601979,-0.0895422417800114,-0.233368910977371,0.418340234105656,0.0282100216261883,0.488177206011824,0.142835715567839,1.62636646291507E-05,0.0224490781025127
495,0.0802403732656327,-0.0895411348925554,-0.233370116267622,0.418340512743842,0.0282098569777881,0.488176690074753,0.142836157972566,1.62636646291507E-05,0.0224488919462202
496,0.0802399492092961,-0.0895411500365496,-0.233369516542726,0.418340150494218,0.028210131667432,0.488177185832136,0.14283585067452,1.54892044087149E-05,0.0224489584276713
497,0.0802404322638077,-0.0895419219399466,-0.233368746065168,0.418340759769847,0.0282098619302727,0.488177000275335,0.14283538549154,1.47516232463952E-05,0.0224490793423168
498,0.0802405944565137,-0.0895416393704379,-0.233369177964202,0.418340205099238,0.0282104020189575,0.488177576647762,0.142835331032917,1.47516232463952E-05,0.0224490400850118
499,0.0802407055056201,-0.0895409316964437,-0.233369295330796,0.418340683931807,0.0282099617409246,0.488176981971763,0.142835508037283,1.47516232463952E-05,0.0224489707937077
500,0.0802403208740223,-0.0895409454324929,-0.233368751362636,0.41834035536072,0.028210210892529,0.488177431638323,0.142835229308896,1.40491649965668E-05,0.0224490310943436
Final
,0.0802403208740223,-0.0895409454324929,-0.233368751362636,0.41834035536072,0.028210210892529,0.488177431638323,0.142835229308896,1.40491649965668E-05,0.0237958247784744